name,type,lat,lng,city,region,country,visited,rating,notes,mapsUrl,photo,post
Bar do Guincho,beach,38.735803,-9.470833,Cascais,,Portugal,2026-06-12,5,"Honestly this placed surprised me. I was expecting a little run down beach bar, but it was really fantastic. The steak sandwich we had was probably the best I've ever had. Melt in your mouth beef. Great view, windy but that was expected (and hostess offered to seat us behind glass). Service was quick if a bit impersonal. In the US I wouldn't have thought twice about it. But in Portugal we've gotten used to the slower pace.",https://www.google.com/maps/place//data=!4m2!3m1!1s0x0:0xedfe25fa9230ee45,,
Tacos Al Vapor Michoacan,taco,37.574863,-122.343247,Burlingame,California,United States,2025-12-14,5,Homemade tortillas! Fantastic Al Pastor. Will be going back to try other meats Still the best al pastor around here!,https://www.google.com/maps/place//data=!4m2!3m1!1s0x0:0x83d6405c56308b04,,
Best Fish Taco in Ensenada,taco,34.101062,-118.28725,Los Angeles,California,United States,2025-01-04,5,This place is fantastic. Haven't seen such commitment to the Baja style fish taco anywhere else in Southern California,https://www.google.com/maps/place//data=!4m2!3m1!1s0x0:0x7264142b26a78d90,,
La Viga Seafood & Cocina Mexicana,taco,37.486969,-122.222888,Redwood City,California,United States,2024-08-28,5,The food is always fantastic,https://www.google.com/maps/place//data=!4m2!3m1!1s0x0:0xd39ba1c57851b64b,,
"Galapos beach, São Simão, Portugal",beach,38.484478,-8.964198,Setúbal,,Portugal,2024-06-29,,,"http://maps.google.com/?q=Galapos+beach,+S%C3%A3o+Sim%C3%A3o,+Portugal&ftid=0xd1944d7d4f69733:0xcd6448731bc7131c",,
Pancho's Takos,taco,20.601954,-105.237563,Puerto Vallarta,Jalisco,Mexico,2023-07-06,5,Epic Al pastor. Also get the grilled onions. It's hot and the line annoying but worth the wait,https://www.google.com/maps/place//data=!4m2!3m1!1s0x0:0x5d38be3bb933ee4c,,
La Torta Gorda,taco,37.752678,-122.408729,San Francisco,California,United States,2023-05-31,5,,https://www.google.com/maps/place//data=!4m2!3m1!1s0x0:0x8ab75bd59221c487,,
The Taco Stand,taco,33.044104,-117.293848,Encinitas,California,United States,2020-01-01,5,,https://www.google.com/maps/place//data=!4m2!3m1!1s0x0:0x56738be51e31f070,,
The Taco Stand,taco,32.839352,-117.276819,La Jolla,California,United States,2019-12-30,5,Worth the wait!,https://www.google.com/maps/place//data=!4m2!3m1!1s0x0:0x73529c9f616b883,,
Tacos Gardenias,taco,22.889609,-109.908202,Cabo San Lucas,Baja California Sur,Mexico,2019-11-27,5,"Great food! Not the best fish taco I've ever had, but solid top 5",https://www.google.com/maps/place//data=!4m2!3m1!1s0x0:0x2bb1850ffbfc8c99,,
The Office on the Beach,beach,22.887047,-109.905099,Cabo San Lucas,Baja California Sur,Mexico,2019-11-24,5,Great vibe. Food is always good. Table side Caesar is a must have,https://www.google.com/maps/place//data=!4m2!3m1!1s0x0:0x70d020c18ede8679,,
Coyote's Mexican Cafe,taco,37.511688,-122.293623,Belmont,California,United States,2019-08-07,5,,https://www.google.com/maps/place//data=!4m2!3m1!1s0x0:0xa5ed20087623e40f,,
Casa Tranquilidad,beach,17.624806,-101.540997,Zihuatanejo,Guerrero,Mexico,2019-04-04,5,,https://www.google.com/maps/place//data=!4m2!3m1!1s0x0:0xd72b1296c9297f5e,,
Taqueria Los Pericos,taco,19.38966,-99.159607,Ciudad de México,Ciudad de México,Mexico,,,Sean,https://www.google.com/maps/place/Taqueria+Los+Pericos/data=!4m2!3m1!1s0x808e40259ef71211:0xc5436a3574cfc597,,
Tacos y Mariscos “El Rinconcito”,taco,20.869233,-105.43929,Sayulita,Nayarit,Mexico,,,,https://www.google.com/maps/place/Tacos+y+Mariscos+%E2%80%9CEl+Rinconcito%E2%80%9D/data=!4m2!3m1!1s0x8421167055d5149f:0xa6b84ddf60330c43,,
Tacko,taco,37.798291,-122.435887,San Francisco,California,United States,,,Excellent Baja fish taco,https://www.google.com/maps/place/Tacko/data=!4m2!3m1!1s0x808580d086a5fb5d:0x295e9f555b9a5efc,,
Suavecito Birria & Tacos,taco,37.788548,-122.414835,San Francisco,California,United States,,,,https://www.google.com/maps/place/Suavecito+Birria+%26+Tacos/data=!4m2!3m1!1s0x808f9f5ded744491:0x5b0964bfc0df0bee,,
Praia da Falésia,beach,37.083403,-8.159135,Olhos de Água,,Portugal,,,,https://www.google.com/maps/place/Praia+da+Fal%C3%A9sia/data=!4m2!3m1!1s0xd1aca2dab8fa859:0x8d275b4ac2580492,,
Oscars Mexican Seafood,taco,32.808163,-117.260872,San Diego,California,United States,,,Fish Taco 9.5/10,https://www.google.com/maps/place/Oscars+Mexican+Seafood/data=!4m2!3m1!1s0x80dc018d65e6a6ed:0xea7c8b01af94dcb9,,
Nixtaco,taco,38.72978,-121.256589,Roseville,California,United States,,,,https://www.google.com/maps/place/Nixtaco/data=!4m2!3m1!1s0x809ae0022486039f:0xa2f5977e83d362b9,,
Mission Baja Tacos,taco,32.785213,-117.252823,San Diego,California,United States,,,Fish Taco 9/10,https://www.google.com/maps/place/Mission+Baja+Tacos/data=!4m2!3m1!1s0x80dc01d8d47da75d:0xbfd4cfd823e0e2b1,,
Mary's Traditional Mexican Cuisine,taco,20.869261,-105.440173,Sayulita,Nayarit,Mexico,,,,https://www.google.com/maps/place/Mary's+Traditional+Mexican+Cuisine/data=!4m2!3m1!1s0x842116705e992cd1:0xd523f3fa932f2c98,,
Los Caños de Meca,beach,36.184843,-6.032266,Barbate,Andalucía,Spain,,,,https://www.google.com/maps/place/Los+Ca%C3%B1os+de+Meca/data=!4m2!3m1!1s0xd0c412f9493595b:0xa04640009eb0a30,,
El Tarasco,taco,33.901021,-118.417268,Manhattan Beach,California,United States,,,,https://www.google.com/maps/place/El+Tarasco/data=!4m2!3m1!1s0x80c2baa2e51179d9:0x34c79c7dea3cae71,,
Bar Miramar Sayulita,beach,20.873491,-105.43529,Sayulita,Nayarit,Mexico,,,,https://www.google.com/maps/place/Bar+Miramar+Sayulita/data=!4m2!3m1!1s0x842117923312f94f:0x7e35f701eaedfe11,,
